<?xml version="1.0" encoding="UTF-8" standalone="no"?>
<schema description="PARADISEC Default Schema 2012-09-28" name="PARADISEC Schema" namespace_url="www.paradisec.org.au">
  <metadata_category inextensible="false" name="Title" type="Free Text" use="required">
    <description>This title should be a sensible title, unique to each item, briefly summarising the contents of the item, for example "Ilocano songs recorded in Burgos, Ilocos Sur, Philippines, 17 April 1993"</description>
  </metadata_category>
  <metadata_category inextensible="false" name="Description" type="Free Text" use="required">
    <description>Description may include but is not limited to: an abstract, table of contents, reference to a graphical representation of content, or a free-text summary account of the content. [DCMT] Description may also offer an annotation, or a qualitative or evaluative comment about the resource, such as a statement about suitability for a particular application or context.</description>
  </metadata_category>
  <metadata_category inextensible="true" name="Private" type="Controlled Vocabulary" use="required">
    <description>Choose either “false”, meaning that the metadata for the item should be publicly available, or “true”, meaning that the metadata for the item should be hidden (perhaps because you plan to check it and edit it later).</description>
    <value>True</value>
    <value>False</value>
  </metadata_category>
  <metadata_category inextensible="false" name="originationDate" type="Free Text" use="required">
    <description>Date the item was captured or created, using the format yyyy-mm-dd. If you are unsure of the day, month or decade enter the first day of the relevant period: e.g. "1970s" 1970-01-01, "2001" 2001-01-01, "February 1993" 1993-02-01. If entering a date of this type, clarify in the originationDateNarrative field. If you really did record on 1 January 2001, say so in the originationDate field.</description>
  </metadata_category>
  <metadata_category inextensible="false" name="originationDateNarrative" type="Free Text" use="optional">
    <description>Use this field to provide any necessary comments on the scope of the value you entered in the origination date field, e.g. "unknown date in February 1993"</description>
  </metadata_category>
  <metadata_category inextensible="false" name="Agent" type="Free Text" use="recommended">
    <description>Enter participant name in the format Lastname, Firstname. Choose the participant role from the closed vocabulary provided. Use the description field to provide additional information on role or agents. Enter participant name in the format Lastname, firstname. Choose the participant role from the closed vocabulary provided. Add more participants by clicking the "+" button to the right. If you need to provide extra information on the agent or the role, use the item's “Description” field to provide additional information on role or agents.</description>
    <attribute name="Role">
      <value>Data Inputter</value>
      <value>Performer</value>
      <value>Speaker</value>
      <value>Developer</value>
      <value>Transcriber</value>
      <value>Photographer</value>
      <value>Interpreter</value>
      <value>Singer</value>
      <value>Signer</value>
      <value>Compiler</value>
      <value>Recorder</value>
      <value>Depositor</value>
      <value>Interviewer</value>
      <value>Editor</value>
      <value>Author</value>
      <value>Translator</value>
      <value>Researcher</value>
      <value>Annotator</value>
      <value>Participant</value>
    </attribute>
  </metadata_category>
  <metadata_category inextensible="true" name="Linguistic_Data_Type" type="Controlled Vocabulary" use="optional">
    <description>If data is relevant to linguistics, choose one of the three basic linguistics data types. Primary text: Linguistic material which is itself the object of study; Lexicon: a systematic listing of lexical items; Language description: describes a language or some aspect(s) of a language via a systematic documentation of linguistic structures. If your data is not relevant to linguistics, leave this field blank.</description>
    <value>Lexicon</value>
    <value>Language Description</value>
    <value>Primary Text</value>
  </metadata_category>
  <metadata_category inextensible="true" name="Discourse_Type" type="Controlled Vocabulary" use="required">
    <description>Used to describe the content of a resource as representing discourse of a particular structural type. Dialogue: interactive discourse with two or more participants; drama: planned, creative, rendition of discourse involving two or more participants; formulaic: ritually or conventionally structured discourse; ludic:  language whose primary function is to be part of play, or a style of speech that involves a creative manipulation of the structures of the language; oratory: public speaking, or of speaking eloquently according to rules or conventions; narrative: monologic discourse which represents temporally organized events; procedural: explanation or description of a method, process, or situation having ordered steps; report: a factual account of some event or circumstance; singing: words or sounds [articulated] in succession with musical inflections or modulations of the voice; unintelligible: utterances that are not intended to be interpretable as ordinary language.</description>
    <value>Dialogue</value>
    <value>Drama</value>
    <value>Narrative</value>
    <value>Procedural</value>
    <value>Ludic</value>
    <value>Singing</value>
    <value>Oratory</value>
    <value>Report</value>
    <value>Unintelligible speech</value>
    <value>Formulaic</value>
  </metadata_category>
  <metadata_category inextensible="true" name="Linguistic_Subject" type="Controlled Vocabulary" use="optional">
    <description>Use to describe the content of a resource if it is about a particular subfield of linguistic science.</description>
    <value>Phonology</value>
    <value>Text And Corpus Linguistics</value>
    <value>Historical Linguistics</value>
    <value>Language Documentation</value>
    <value>Lexicography</value>
    <value>Typology</value>
  </metadata_category>
  <metadata_category inextensible="false" name="Country" type="Controlled Vocabulary" use="required">
    <description>This should be the standard name of the country in which the file was recorded (see http://www.ethnologue.com/country_index.asp). Prefix the country name with the two-letter ISO3166-1 code (http://www.iso.org/iso/country_codes.htm).</description>
    <value>PH - Philippines</value>
    <value>AU - Australia</value>
  </metadata_category>
  <metadata_category inextensible="false" name="RegionVillage" type="Controlled Vocabulary" use="required">
    <description>Indicate the geographical scope of the item. Enter data in the order locality, state or province, country.</description>
    <value>[locality], [state or province], [country]</value>
    <value>Burgos, Ilocos Sur, Philippines</value>
  </metadata_category>
  <metadata_category inextensible="false" name="LanguageLocalName" type="Controlled Vocabulary" use="required">
    <description>The purpose of this field is to reflect language names in local use, with local spellings, if different from official name.</description>
    <value>Language - local spelling [free text]</value>
    <value>Ilocano</value>
  </metadata_category>
  <metadata_category inextensible="false" name="LanguageContentISO639-3" type="Controlled Vocabulary" use="recommended">
    <description>Content language is the language included in your data (spoken and/or written). Insert the 3-letter ISO 639-3 code for your language, and the standard name of the language as spelt in the ethnologue entry [search on www.ethnologue.com/site_search.asp]. Separate the code and the language with a hyphen, e.g. "ilo - Ilocano"</description>
    <value>mis - Uncoded languages</value>
    <value>und - Undetermined languages</value>
    <value>mul - Multiple languages</value>
    <value>zxx - No linguistic content</value>
    <value>[3-letter ISO639-3 code] - [Ethnologue name of language]</value>
    <value>ilo - Ilocano</value>
    <value>eng - English</value>
  </metadata_category>
  <metadata_category inextensible="false" name="LanguageSubjectISO639-3" type="Controlled Vocabulary" use="recommended">
    <description>Subject language is the language that is the subject of your research. Insert the 3-letter ISO 639-3 code for your language, and the standard name of the language as spelt in the ethnologue entry [search on www.ethnologue.com/site_search.asp]. Separate the code and the language with a hyphen, e.g. "ilo - Ilocano"</description>
    <value>zxx - No linguistic content</value>
    <value>[3-letter ISO639-3 code] - [Language subject of your research]</value>
    <value>mis - Uncoded languages</value>
    <value>und - Undetermined languages</value>
    <value>mul - Multiple languages</value>
    <value>ilo - Ilocano</value>
  </metadata_category>
</schema>
